{
  "functional_0": 0.0023657504934817553,
  "functional_1": 0.00035343211493454874,
  "functional_2": 0.009688464924693108,
  "functional_3": 0.0010054928716272116,
  "functional_4": 0.0008466101135127246,
  "functional_5": 0.00015196320600807667,
  "functional_6": 0.0032876599580049515,
  "functional_7": 0.0017787348479032516,
  "functional_8": 0.009615193121135235,
  "functional_9": 0.003758287290111184,
  "functional_10": 0.0018186481902375817,
  "functional_11": 0.0027459177654236555,
  "functional_12": 0.002721542026847601,
  "functional_13": 0.0026038235519081354,
  "functional_14": 0.00898792501538992,
  "functional_15": 0.0014984851004555821,
  "functional_16": 0.005084837321192026,
  "functional_17": 0.008354791440069675,
  "functional_18": 0.0025961522478610277,
  "functional_19": 0.0007710560457780957,
  "functional_20": 0.0037318288814276457,
  "functional_21": 0.008081979118287563,
  "functional_22": 0.003848777152597904,
  "functional_23": 0.008004751056432724
}